<Configuration ID="02dbe4d9-4b34-49c9-ae8b-1cb13a10b63f">
  <Add OfficeClientEdition="64" Channel="Current">
    <Product ID="O365BusinessRetail">
      <Language ID="en-us" />
      <ExcludeApp ID="Groove" />
      <ExcludeApp ID="Lync" />
      <ExcludeApp ID="Publisher" />
    </Product>
  </Add>
  <Updates Enabled="TRUE" />
  <RemoveMSI />
  <AppSettings>
    <User Key="software\microsoft\office\16.0\excel\options" Name="defaultformat" Value="51" Type="REG_DWORD" App="excel16" Id="L_SaveExcelfilesas" />
    <User Key="software\microsoft\office\16.0\powerpoint\options" Name="defaultformat" Value="27" Type="REG_DWORD" App="ppt16" Id="L_SavePowerPointfilesas" />
    <User Key="software\microsoft\office\16.0\word\options" Name="defaultformat" Value="" Type="REG_SZ" App="word16" Id="L_SaveWordfilesas" />
    <User Key="software\microsoft\office\16.0\word\options" Name="personaltemplates" Value="W:\zzz_EOR Templates" Type="REG_EXPAND_SZ" App="word16" Id="L_PersonalTemplatesPath" />
  </AppSettings>
  <Display Level="Full" AcceptEULA="TRUE" />
</Configuration>